fold,method,backend,calibration_cv,brier,ece,nll,accuracy,top2_accuracy,top3_accuracy
1,raw,XGBoost,group_3fold_fallback_min_class_groups_1,1.7989621878942301,0.9062728756350689,4.418185345115678,0.06666666666666667,0.08333333333333333,1.0
1,platt,XGBoost,group_3fold_fallback_min_class_groups_1,1.850340458713121,0.9266095399876821,5.479474679827717,0.06666666666666667,0.5333333333333333,1.0
1,isotonic,XGBoost,group_3fold_fallback_min_class_groups_1,1.8040260903145675,0.9156121847334425,3.8076359480350837,0.06666666666666667,1.0,1.0
2,raw,XGBoost,stratified_group_2fold,0.26999413531180205,0.11331081321582967,0.759026809409935,0.8472222222222222,0.9027777777777778,0.9027777777777778
2,platt,XGBoost,stratified_group_2fold,0.4154315655065805,0.19059129843035594,1.0572340223507561,0.7361111111111112,0.9305555555555556,0.9722222222222222
2,isotonic,XGBoost,stratified_group_2fold,0.43054428016735163,0.30248628695230073,0.7924172534367404,0.8194444444444444,0.9027777777777778,1.0
3,raw,XGBoost,stratified_group_3fold,0.437806690759955,0.20188063380502722,1.1438737393103313,0.6818181818181818,0.8181818181818182,0.9772727272727273
3,platt,XGBoost,stratified_group_3fold,1.0857547033289738,0.5658082000946021,2.363926764404838,0.06818181818181818,0.4772727272727273,0.9772727272727273
3,isotonic,XGBoost,stratified_group_3fold,0.8383953742533403,0.45997250179363003,7.334813414908808,0.3409090909090909,0.5454545454545454,0.9545454545454546
