condition,scenario,run,demand_multiplier,safety_multiplier,feasible_count,baseline_id,selected_id,selected_drive_type,baseline_rank,w_safety_margin,w_mass,w_volume,w_efficiency,retained
Knee - walking,balanced,3,1.1713318080696369,0.9796792491807692,129,QDD-10-XMD031-63W,QDD-11-XMD031-105W,QDD,11.0,0.32579286463975754,0.40348694223460596,0.1978765562753898,0.07284363685024672,False
Knee - walking,efficiency_priority,17,1.0801740677825764,1.0589446832104907,129,QDD-10-XMD031-63W,QDD-11-XMD031-105W,QDD,11.0,0.1905014729449582,0.31427278848987944,0.14050919337976236,0.35471654518539986,False
Knee - walking,lightweight_priority,5,1.1068856620296494,1.0655926867137682,127,QDD-10-XMD031-63W,QDD-11-XMD031-105W,QDD,10.0,0.14554202779622302,0.4139110311578353,0.37718004608452527,0.06336689496141651,False
Knee - walking,safety_redundancy_priority,5,1.082624299203345,1.0615667273492182,129,QDD-10-XMD031-63W,QDD-11-XMD031-105W,QDD,28.0,0.5278082260274645,0.3073812641158094,0.059596677736016505,0.10521383212070967,False
Knee - walking and running,balanced,9,0.8354995187580929,0.8475311515127527,125,QDD-12-XMD031-125W,QDD-11-XMD031-105W,QDD,2.0,0.2845483621473674,0.32919733645135546,0.27181696964728075,0.11443733175399642,False
Knee - walking and running,efficiency_priority,0,0.8939509465399275,0.9639147828100281,119,QDD-12-XMD031-125W,QDD-11-XMD031-105W,QDD,2.0,0.2794105208779588,0.21137290899397898,0.18476618502027742,0.3244503851077847,False
Knee - walking and running,lightweight_priority,0,1.02129318394475,1.1180388200958133,45,QDD-12-XMD031-125W,QDD-18-TBM2G-060-S,QDD,4.0,0.23921302040297399,0.6063696990895827,0.10496489166650264,0.049452388840940636,False
Knee - walking and running,safety_redundancy_priority,3,1.1762879345431188,1.0466640019889168,45,QDD-12-XMD031-125W,QDD-18-TBM2G-060-S,QDD,29.0,0.5338817926166082,0.17899464335422108,0.10902464216000349,0.17809892186916734,False
Knee - walking, running, and drop landing,balanced,6,1.053975730191012,1.054027705730085,7,EMR-61-Ex-G8522-B25-db,"HRA-17-Single-vane_hydraulic_rotary_actuator,_21MPa",HRA,2.0,0.3024431291411353,0.3245261849931039,0.2416530856138593,0.13137760025190143,False
Knee - walking, running, and drop landing,efficiency_priority,0,1.0918685995163186,1.093104332742624,7,EMR-61-Ex-G8522-B25-db,"HRA-17-Single-vane_hydraulic_rotary_actuator,_21MPa",HRA,2.0,0.28214933946394005,0.28152933794712814,0.13338442068242878,0.3029369019065029,False
Knee - walking, running, and drop landing,lightweight_priority,0,1.0344279669157428,0.9645317163671527,36,EMR-61-Ex-G8522-B25-db,HCL-57-WLR-3P_Knee_HDU_20/12-68,HCL,2.0,0.2455760376631536,0.48165538677863823,0.2497261407917531,0.023042434766455042,False
Knee - walking, running, and drop landing,safety_redundancy_priority,479,0.9340150017392681,0.9461425045798193,46,EMR-61-Ex-G8522-B25-db,HRA-15-HR-08S-04,HRA,2.0,0.7040960775122229,0.17806685739946781,0.0348143424588493,0.08302272262946003,False
Knee - walking and drop landing,balanced,1,1.1294863973971063,1.0414996271047763,39,EMR-61-Ex-G8522-B25-db,HCL-57-WLR-3P_Knee_HDU_20/12-68,HCL,2.0,0.41931880430427504,0.30293135977910124,0.20851640050301876,0.06923343541360509,False
Knee - walking and drop landing,efficiency_priority,2,0.8990191301002928,1.0153032554568648,57,EMR-61-Ex-G8522-B25-db,QDD-9-U13060,QDD,3.0,0.22651689144419745,0.1979170691583825,0.17120143103080004,0.40436460836661997,False
Knee - walking and drop landing,lightweight_priority,0,1.0092314399666171,0.9405524457155225,55,HCL-57-WLR-3P_Knee_HDU_20/12-68,EMR-61-Ex-G8522-B25-db,EMR,3.0,0.2140327029679544,0.41001856735855696,0.28314317598952315,0.09280555368396547,False
Knee - walking and drop landing,safety_redundancy_priority,3,1.1407982566081594,1.023860450194158,39,HCL-57-WLR-3P_Knee_HDU_20/12-68,EMR-61-Ex-G8522-B25-db,EMR,3.0,0.5154301833856506,0.2632909790601187,0.09259227095563775,0.128686566598593,False
Hip - walking,balanced,0,0.9771293861896855,0.9353517312406076,161,QDD-11-XMD031-105W,QDD-10-XMD031-63W,QDD,2.0,0.3529033700808408,0.28402641750613355,0.24608216166440808,0.11698805074861764,False
Hip - walking,efficiency_priority,0,0.8648032035815292,0.9935909403993619,162,QDD-11-XMD031-105W,QDD-10-XMD031-63W,QDD,3.0,0.23348245961558903,0.26037424401380616,0.09951383023535525,0.4066294661352494,False
Hip - walking,lightweight_priority,1,0.9441201992121017,0.9779051275703423,160,QDD-11-XMD031-105W,QDD-10-XMD031-63W,QDD,2.0,0.15024367268099367,0.5830384420622761,0.2501504848211994,0.016567400435530826,False
Hip - walking,safety_redundancy_priority,7,0.9557414602673822,0.9988818006100377,157,QDD-11-XMD031-105W,QDD-10-XMD031-63W,QDD,2.0,0.504914131126116,0.34574582259350845,0.10982130843775147,0.03951873784262404,False
Hip - walking and running,balanced,0,0.8461258271701215,1.0489302403323426,134,QDD-12-XMD031-125W,QDD-11-XMD031-105W,QDD,2.0,0.42675577518740015,0.21488140116672405,0.27377795658948867,0.0845848670563871,False
Hip - walking and running,efficiency_priority,0,0.8732195538713413,0.9815477693324371,137,QDD-12-XMD031-125W,QDD-11-XMD031-105W,QDD,2.0,0.2113201571823387,0.25526402641266127,0.18491126706947955,0.34850454933552033,False
Hip - walking and running,lightweight_priority,1,0.9574862198377115,0.9622917931378598,132,QDD-12-XMD031-125W,QDD-11-XMD031-105W,QDD,2.0,0.1438216775385288,0.5326801923851198,0.23507292086812978,0.0884252092082216,False
Hip - walking and running,safety_redundancy_priority,1,0.8961193933379366,0.9467912718678874,137,QDD-12-XMD031-125W,QDD-11-XMD031-105W,QDD,2.0,0.5784079013111268,0.22659415826977705,0.10665851541563182,0.08833942500346417,False
Hip - walking, running, and drop landing,balanced,4,1.1450242130381916,1.0565418819879073,14,EMR-7-MS1H1-10C30CB,EMR-54-MS2N03,EMR,2.0,0.3321613935015972,0.3550666480309302,0.1952031691332587,0.11756878933421407,False
Hip - walking, running, and drop landing,efficiency_priority,1,0.9546456794785148,0.9408530386382371,33,EMR-54-MS2N03,EMR-7-MS1H1-10C30CB,EMR,3.0,0.23259874272089218,0.3243074596454464,0.16216664258929195,0.2809271550443695,False
Hip - walking, running, and drop landing,lightweight_priority,0,1.076942417699806,0.9639690289748183,22,HCL-58-WLR-3P_Hip_HDU_20/12-68,EMR-7-MS1H1-10C30CB,EMR,2.0,0.27358751842954687,0.4639796484528,0.23212528629672452,0.03030754682092855,False
Hip - walking, running, and drop landing,safety_redundancy_priority,36,1.162942828401415,1.0436194167482682,14,EMR-7-MS1H1-10C30CB,EMR-54-MS2N03,EMR,2.0,0.5538896432698422,0.20793490595535102,0.10829738594461942,0.12987806483018735,False
Hip - walking and drop landing,balanced,8,0.9549373810943456,0.9812041530350202,58,EMR-7-MS1H1-10C30CB,HCL-58-WLR-3P_Hip_HDU_20/12-68,HCL,2.0,0.20395894999087952,0.4927533348656775,0.23342299191771174,0.06986472322573116,False
Hip - walking and drop landing,efficiency_priority,14,0.9967996237113587,1.0656312293869816,33,EMR-7-MS1H1-10C30CB,HRA-16-HR-08D-04,HRA,3.0,0.1420410599026604,0.2158839484673625,0.20783626438406608,0.43423872724591095,False
Hip - walking and drop landing,lightweight_priority,1,1.2274941559860746,1.0467081341998994,17,HCL-58-WLR-3P_Hip_HDU_20/12-68,"HCL-7-Series_HMI_TB_Rod_No.1,_32mm_bore_/_14mm_rod_/_100mm_stroke",HCL,3.0,0.19549053428857358,0.515474067145278,0.23830729479290827,0.050728103773240225,False
Hip - walking and drop landing,safety_redundancy_priority,2,1.004270835432344,0.9064362586622157,61,EMR-56-MS2N05,EMR-7-MS1H1-10C30CB,EMR,2.0,0.5684375215709335,0.18763564206920155,0.09708293749416112,0.1468438988657038,False
